plan_name,unique_customers,first_purchase_revenue,repeat_customers,total_repeat_revenue,retention_rate,CLV
12-Month,2128,248739.27,677,173891.49,31.81,198.60468045112782
3-Month,4277,151347.41,1431,133726.3,33.46,66.65272620996025
6-Month,3249,207246.82,990,265992.11,30.47,145.65679593721146
Monthly,11712,150685.35,3825,197884.27,32.66,29.761750341530053
